id,name,username,email,city,company,email_domain
1,Leanne Graham,Bret,sincere@april.biz,Gwenborough,Romaguera-Crona,april.biz
2,Ervin Howell,Antonette,shanna@melissa.tv,Wisokyburgh,Deckow-Crist,melissa.tv
3,Clementine Bauch,Samantha,nathan@yesenia.net,McKenziehaven,Romaguera-Jacobson,yesenia.net
4,Patricia Lebsack,Karianne,julianne.oconner@kory.org,South Elvis,Robel-Corkery,kory.org
5,Chelsey Dietrich,Kamren,lucio_hettinger@annie.ca,Roscoeview,Keebler LLC,annie.ca
6,Mrs. Dennis Schulist,Leopoldo_Corkery,karley_dach@jasper.info,South Christy,Considine-Lockman,jasper.info
7,Kurtis Weissnat,Elwyn.Skiles,telly.hoeger@billy.biz,Howemouth,Johns Group,billy.biz
8,Nicholas Runolfsdottir V,Maxime_Nienow,sherwood@rosamond.me,Aliyaview,Abernathy Group,rosamond.me
9,Glenna Reichert,Delphine,chaim_mcdermott@dana.io,Bartholomebury,Yost and Sons,dana.io
10,Clementina Dubuque,Moriah.Stanton,rey.padberg@karina.biz,Lebsackbury,Hoeger LLC,karina.biz
